ID_1,Titulo_1,ID_2,Titulo_2,Sim_Jaccard
10065519920150301,Supporting all learners in school-wide computational thinking: A cross-case qualitative analysis.,ISRAEL2015263,Supporting all learners in school-wide computational thinking: A cross-case qualitative analysis,1.0
10906328120150901,Empowering K– 12 Students With Disabilities to Learn Computational Thinking and Computer Programming.,12658190720171201,The Forgotten Engineer: Engineering has been marginalized by the unhealthy belief that engineering is the application of science.,0.3175
10906328120150901,Empowering K– 12 Students With Disabilities to Learn Computational Thinking and Computer Programming.,12927074020180501,Scale or Fail: Moving beyond self-selected computer science education in Switzerland.,0.2714
10906328120150901,Empowering K– 12 Students With Disabilities to Learn Computational Thinking and Computer Programming.,13134348920180901,COMPUTATIONAL PROBLEMPOSING WITH URBAN LATINX YOUTH.,0.2647
10906328120150901,Empowering K– 12 Students With Disabilities to Learn Computational Thinking and Computer Programming.,13495100420190301,Viewpoint From Computational Thinking to Computational Action: Envisioning computing education that both teaches and empowers.,0.2533
11134513320160102,"RoboCupJunior for promoting STEM education, 21st century skills, and technological advancement through robotics competition.",EGUCHI2016692,"RoboCupJunior for promoting STEM education, 21st century skills, and technological advancement through robotics competition",0.9394
11134515520160102,Advancing students’ computational thinking skills through educational robotics: A study on age and gender relevant differences.,ATMATZIDOU2016661,Advancing students’ computational thinking skills through educational robotics: A study on age and gender relevant differences,0.8534
11234289620160101,Computational Participation.,12151246120170301,EXPRESSING YOUTH VOICE THROUGH VIDEO GAMES AND CODING.,0.2623
11297836220160301,Gaming in Second Life via Scratch4SL.,12039281720170301,Leveraging Scratch4SL and Second Life to motivate high school students’ participation in introductory programming courses: findings from a case study.,0.277
11417603220160601,Visual programming languages integrated across the curriculum in elementary school: A two year case study using “ Scratch”  in five schools.,SAEZLOPEZ2016129,Visual programming languages integrated across the curriculum in elementary school: A two year case study using “ Scratch”  in five schools,0.694
11424620320160401,Using Mathematical and Computational Thinking in Early Grades Science Classrooms: The Need for High-Quality Professional Development.,12344609320170601,Remaining Trouble Spots with Computational Thinking: Addressing unresolved questions concerning computational thinking.,0.2632
11424620320160401,Using Mathematical and Computational Thinking in Early Grades Science Classrooms: The Need for High-Quality Professional Development.,13134348920180901,COMPUTATIONAL PROBLEMPOSING WITH URBAN LATINX YOUTH.,0.2667
11424620320160401,Using Mathematical and Computational Thinking in Early Grades Science Classrooms: The Need for High-Quality Professional Development.,15371592520211201,The Profession of IT: Computational Thinking for Professionals: Professionals practice a form of computational thinking that is significantly more advanced than popular descriptions suggest.,0.2679
11592018320160901,Instructional supports for students with disabilities in K-5 computing: Findings from a cross-case analysis.,SNODGRASS20161,Instructional supports for students with disabilities in K-5 computing: Findings from a cross-case analysis,0.7611
11682529220160701,VIRGINIA STUDENTS TO GET MORE TECH TRAINING.,13134348920180901,COMPUTATIONAL PROBLEMPOSING WITH URBAN LATINX YOUTH.,0.2745
11682529220160701,VIRGINIA STUDENTS TO GET MORE TECH TRAINING.,18286840120240301,"Thinking Critically, Coding Creatively: Elevating Social Studies Through Inquiry-Based Learning and Computer Science Integration.",0.2727
11717358720160801,From Computational Thinking to Computational Participation in K-12 Education.,12658190520171201,Parallel Computational Thinking: Applications must be programmed to process instructions in parallel to take full advantage of the new multicore processors.,0.25
11717358720160801,From Computational Thinking to Computational Participation in K-12 Education.,12658190720171201,The Forgotten Engineer: Engineering has been marginalized by the unhealthy belief that engineering is the application of science.,0.2593
11717358720160801,From Computational Thinking to Computational Participation in K-12 Education.,12927074020180501,Scale or Fail: Moving beyond self-selected computer science education in Switzerland.,0.2542
11717358720160801,From Computational Thinking to Computational Participation in K-12 Education.,13735442120190401,Learning About Computational Thinking.,0.2586
11717359420160801,Adaptive Computation: The Multidisciplinary Legacy of John H. Holland.,12658190520171201,Parallel Computational Thinking: Applications must be programmed to process instructions in parallel to take full advantage of the new multicore processors.,0.2807
11807669620161101,The impact of social factors on pair programming in a primary school.,12396666920170701,Investigating the Period of Switching Roles in Pair Programming in a Primary School.,0.3597
11807669620161101,The impact of social factors on pair programming in a primary school.,SUN2025101852,Comparative study of codecombat-based python programming and scratch programming effects on sixth graders'  Computational thinking: interaction effects of gender and programming experience,0.2654
11807669620161101,The impact of social factors on pair programming in a primary school.,ZHONG2016423,The impact of social factors on pair programming in a primary school,0.9118
11896599420170201,The future of computational biomedicine: Complex systems thinking.,JOLY20171,The future of computational biomedicine: Complex systems thinking,1.0
12078636320170101,Modeling and simulation practices for a computational thinking-enabled engineering workforce.,15020671320210501,Developing computational thinking with a module of solved problems.,0.2786
12203881220170601,Assessing elementary students’ computational thinking in everyday reasoning and robotics programming.,15693663320220401,Connecting computational thinking in everyday reasoning and programming for elementary school students.,0.2545
12203881220170601,Assessing elementary students’ computational thinking in everyday reasoning and robotics programming.,CHEN2017162,Assessing elementary students’ computational thinking in everyday reasoning and robotics programming,1.0
12229522020170401,Computational Thinking for Teacher Education.,12658190520171201,Parallel Computational Thinking: Applications must be programmed to process instructions in parallel to take full advantage of the new multicore processors.,0.2712
12229522020170401,Computational Thinking for Teacher Education.,12658190720171201,The Forgotten Engineer: Engineering has been marginalized by the unhealthy belief that engineering is the application of science.,0.2807
12229522020170401,Computational Thinking for Teacher Education.,12927074020180501,Scale or Fail: Moving beyond self-selected computer science education in Switzerland.,0.254
12229522020170401,Computational Thinking for Teacher Education.,13735442120190401,Learning About Computational Thinking.,0.2787
12272167220170701,Which cognitive abilities underlie computational thinking? Criterion validity of the Computational Thinking Test.,12709993520180301,Extending the nomological network of computational thinking with non-cognitive factors.,0.2711
12272167220170701,Which cognitive abilities underlie computational thinking? Criterion validity of the Computational Thinking Test.,ROMANGONZALEZ2017678,Which cognitive abilities underlie computational thinking? Criterion validity of the Computational Thinking Test,0.7868
12272168320170701,A validity and reliability study of the computational thinking scales (CTS).,KORKMAZ2017558,A validity and reliability study of the computational thinking scales (CTS),0.75
12284176420170701,"Introducing computational thinking, parallel programming and performance engineering in interdisciplinary studies.",CESAR2017116,"Introducing computational thinking, parallel programming and performance engineering in interdisciplinary studies",0.709
12344609320170601,Remaining Trouble Spots with Computational Thinking: Addressing unresolved questions concerning computational thinking.,12658190520171201,Parallel Computational Thinking: Applications must be programmed to process instructions in parallel to take full advantage of the new multicore processors.,0.2745
12344609320170601,Remaining Trouble Spots with Computational Thinking: Addressing unresolved questions concerning computational thinking.,12658190720171201,The Forgotten Engineer: Engineering has been marginalized by the unhealthy belief that engineering is the application of science.,0.3404
12344609320170601,Remaining Trouble Spots with Computational Thinking: Addressing unresolved questions concerning computational thinking.,12927074020180501,Scale or Fail: Moving beyond self-selected computer science education in Switzerland.,0.3529
12344609320170601,Remaining Trouble Spots with Computational Thinking: Addressing unresolved questions concerning computational thinking.,15669122420220504,See How Latina Teachers Are Pushing the Boundaries of K-12 Computer Science Education.,0.2667
12344609320170601,Remaining Trouble Spots with Computational Thinking: Addressing unresolved questions concerning computational thinking.,2802923120071130,LINKED IN WITH.,0.2653
12344609320170601,Remaining Trouble Spots with Computational Thinking: Addressing unresolved questions concerning computational thinking.,9015517020130901,Computer programming goes back to school.,0.2727
12396666920170701,Investigating the Period of Switching Roles in Pair Programming in a Primary School.,ZHONG2016423,The impact of social factors on pair programming in a primary school,0.3611
12397546320170601,Signifying software engineering to computational thinking learners with AgentSheets and PoliFacets.,MONTEIRO201791,Signifying software engineering to computational thinking learners with AgentSheets and PoliFacets,0.9412
12409999820170801,Changing a Generation’s Way of Thinking: Teaching Computational Thinking Through Programming.,15833910520220901,A systematic review of computational thinking in science classrooms.,0.3406
12431834120170901,Exploring the effects of web-mediated computational thinking on developing students’ computing skills in a ubiquitous learning environment.,YILMAZ2023100147,"The effect of generative artificial intelligence (AI)-based tool use on students'  computational thinking skills, programming self-efficacy and motivation",0.2545
12573008320170101,A Seven-Year Study of Middle and High School Teachers Participating in Research Experiences For Teachers Programs: Exploring the Relationship Between Teacher Performance and Student Achievement.,13958174420190101,A Nine Year Study of the Impact of Middle and High School Teachers'  Participation in Research Experiences for Teachers Programs: Connections Between Teacher Performance and Student Achievement.,0.907
12573019520170101,Capturing the Computational Thinking of Families with Young Children in Out-of-School Environments.,15138753720210701,Computational thinking embedded in engineering design: capturing computational thinking of children in an informal engineering design activity.,0.2578
12582311020171001,5 TECH TRENDS TO WATCH THIS SCHOOL YEAR.,15371592520211201,The Profession of IT: Computational Thinking for Professionals: Professionals practice a form of computational thinking that is significantly more advanced than popular descriptions suggest.,0.2593
12582311020171001,5 TECH TRENDS TO WATCH THIS SCHOOL YEAR.,9015517020130901,Computer programming goes back to school.,0.2623
12598278920180101,Analysis of the relation between computational thinking skills and various variables with the structural equation model.,DURAK2018191,Analysis of the relation between computational thinking skills and various variables with the structural equation model,0.9643
12602934020171001,Ed Tech Forecast: The NMC/CoSN Horizon Report and Toolkit.,12874948220180221,Putting Creativity At the Center of Student Learning.,0.2658
12650457220171201,editorial.,12758658320180101,On MTL’s Second Milestone: Exploring Computational Thinking and Mathematics Learning.,0.4412
12650457220171201,editorial.,13636665920190501,Editor' s Notes.,0.5152
12650457220171201,editorial.,14380208920200601,Knowledge discovery computing for management.,0.3261
12650457220171201,editorial.,8754215520130101,FRAMING TECHNOLOGY THROUGH THE LENS OF HISTORY.,0.4444
12650457320171201,integrating computational thinking into technology and engineering education.,12650457420171201,is computer science compatible with technological literacy?,0.2821
12650457320171201,integrating computational thinking into technology and engineering education.,12658190720171201,The Forgotten Engineer: Engineering has been marginalized by the unhealthy belief that engineering is the application of science.,0.25
12650457320171201,integrating computational thinking into technology and engineering education.,14146932720191001,"Examining the Impact of a Computational Thinking Intervention on Pre-service Elementary Science Teachers'  Computational Thinking Teaching Efficacy Beliefs, Interest and Confidence.",0.25
12650457420171201,is computer science compatible with technological literacy?,12658190720171201,The Forgotten Engineer: Engineering has been marginalized by the unhealthy belief that engineering is the application of science.,0.2951
12658190520171201,Parallel Computational Thinking: Applications must be programmed to process instructions in parallel to take full advantage of the new multicore processors.,12658190720171201,The Forgotten Engineer: Engineering has been marginalized by the unhealthy belief that engineering is the application of science.,0.32
12658190520171201,Parallel Computational Thinking: Applications must be programmed to process instructions in parallel to take full advantage of the new multicore processors.,12927074020180501,Scale or Fail: Moving beyond self-selected computer science education in Switzerland.,0.3091
12658190520171201,Parallel Computational Thinking: Applications must be programmed to process instructions in parallel to take full advantage of the new multicore processors.,18286840120240301,"Thinking Critically, Coding Creatively: Elevating Social Studies Through Inquiry-Based Learning and Computer Science Integration.",0.2542
12658190520171201,Parallel Computational Thinking: Applications must be programmed to process instructions in parallel to take full advantage of the new multicore processors.,9015517020130901,Computer programming goes back to school.,0.2807
12658190720171201,The Forgotten Engineer: Engineering has been marginalized by the unhealthy belief that engineering is the application of science.,12874948220180221,Putting Creativity At the Center of Student Learning.,0.3077
12658190720171201,The Forgotten Engineer: Engineering has been marginalized by the unhealthy belief that engineering is the application of science.,12927074020180501,Scale or Fail: Moving beyond self-selected computer science education in Switzerland.,0.3462
12658190720171201,The Forgotten Engineer: Engineering has been marginalized by the unhealthy belief that engineering is the application of science.,13134348920180901,COMPUTATIONAL PROBLEMPOSING WITH URBAN LATINX YOUTH.,0.2885
12658190720171201,The Forgotten Engineer: Engineering has been marginalized by the unhealthy belief that engineering is the application of science.,13495100420190301,Viewpoint From Computational Thinking to Computational Action: Envisioning computing education that both teaches and empowers.,0.25
12658190720171201,The Forgotten Engineer: Engineering has been marginalized by the unhealthy belief that engineering is the application of science.,13735442120190401,Learning About Computational Thinking.,0.2778
12658190720171201,The Forgotten Engineer: Engineering has been marginalized by the unhealthy belief that engineering is the application of science.,13951121220191101,CSpathshala: Bringing Computational Thinking to Schools.,0.2679
12658190720171201,The Forgotten Engineer: Engineering has been marginalized by the unhealthy belief that engineering is the application of science.,15371592520211201,The Profession of IT: Computational Thinking for Professionals: Professionals practice a form of computational thinking that is significantly more advanced than popular descriptions suggest.,0.2917
12658190720171201,The Forgotten Engineer: Engineering has been marginalized by the unhealthy belief that engineering is the application of science.,16026331820221201,SMART castles: integrating engineering design and computational thinking.,0.25
12658190720171201,The Forgotten Engineer: Engineering has been marginalized by the unhealthy belief that engineering is the application of science.,17745066520240501,Early Childhood Robotics: Igniting Innovation and Computational Thinking.,0.2759
12658190720171201,The Forgotten Engineer: Engineering has been marginalized by the unhealthy belief that engineering is the application of science.,18286840120240301,"Thinking Critically, Coding Creatively: Elevating Social Studies Through Inquiry-Based Learning and Computer Science Integration.",0.2632
12658190720171201,The Forgotten Engineer: Engineering has been marginalized by the unhealthy belief that engineering is the application of science.,9015517020130901,Computer programming goes back to school.,0.2679
12658190720171201,The Forgotten Engineer: Engineering has been marginalized by the unhealthy belief that engineering is the application of science.,9040921820130901,POWER OF PLAY: EXPLORING COMPUTATIONAL THINKING THROUGH GAME DESIGN.,0.2632
12687202120170901,Reflective abstraction in computational thinking.,CETIN201770,Reflective abstraction in computational thinking,1.0
12709993520180301,Extending the nomological network of computational thinking with non-cognitive factors.,ROMANGONZALEZ2017678,Which cognitive abilities underlie computational thinking? Criterion validity of the Computational Thinking Test,0.266
12709993520180301,Extending the nomological network of computational thinking with non-cognitive factors.,ROMANGONZALEZ2018441,Extending the nomological network of computational thinking with non-cognitive factors,0.6036
12709994220180301,Exploring the computational thinking effects in pre-university education.,GARCIAPENALVO2018407,Exploring the computational thinking effects in pre-university education,0.9333
12709994920180301,Learning Computational Thinking and scratch at distance.,MARCELINO2018470,Learning Computational Thinking and scratch at distance,0.9474
12709995920180301,"Phogo: A low cost, free and “ maker”  revisit to Logo.",MOLINSRUANO2018428,"Phogo: A low cost, free and “ maker”  revisit to Logo",0.7143
12758658320180101,On MTL’s Second Milestone: Exploring Computational Thinking and Mathematics Learning.,13636665920190501,Editor' s Notes.,0.5926
12758658320180101,On MTL’s Second Milestone: Exploring Computational Thinking and Mathematics Learning.,14380208920200601,Knowledge discovery computing for management.,0.4595
12758658320180101,On MTL’s Second Milestone: Exploring Computational Thinking and Mathematics Learning.,8754215520130101,FRAMING TECHNOLOGY THROUGH THE LENS OF HISTORY.,0.5517
12791065720180201,ITEEA-Endorsed Curriculum Helps Students Show Significant Gains in Computational Thinking.,18485117020250501,Constructivist Confluence: Reflecting on Student-Centered Learning by Applying Constructionism to Robotics Curriculum Design Using the ITEEA Learning Standards.,0.3016
12868833720180401,CODE NAME LITERACY.,12868833820180401,Going Rogue To Teach Code.,0.283
12868833720180401,CODE NAME LITERACY.,13134348920180901,COMPUTATIONAL PROBLEMPOSING WITH URBAN LATINX YOUTH.,0.2642
12868833720180401,CODE NAME LITERACY.,9015517020130901,Computer programming goes back to school.,0.2679
12874948220180221,Putting Creativity At the Center of Student Learning.,13134348920180901,COMPUTATIONAL PROBLEMPOSING WITH URBAN LATINX YOUTH.,0.2679
12874948220180221,Putting Creativity At the Center of Student Learning.,17745066520240501,Early Childhood Robotics: Igniting Innovation and Computational Thinking.,0.2581
12927074020180501,Scale or Fail: Moving beyond self-selected computer science education in Switzerland.,18286840120240301,"Thinking Critically, Coding Creatively: Elevating Social Studies Through Inquiry-Based Learning and Computer Science Integration.",0.2787
13022402320180601,Culture and computation: Steps to a Probably Approximately Correct theory of culture.,FOSTER2018144,Culture and computation: Steps to a Probably Approximately Correct theory of culture,1.0
13134348920180901,COMPUTATIONAL PROBLEMPOSING WITH URBAN LATINX YOUTH.,18286840120240301,"Thinking Critically, Coding Creatively: Elevating Social Studies Through Inquiry-Based Learning and Computer Science Integration.",0.2931
13140353120181101,How to learn and how to teach computational thinking: Suggestions based on a review of the literature.,HSU2018296,How to learn and how to teach computational thinking: Suggestions based on a review of the literature,0.6306
13199861620181201,"A study of primary school students'  interest, collaboration attitude, and programming empowerment in computational thinking education.",KONG2018178,"A study of primary school students'  interest, collaboration attitude, and programming empowerment in computational thinking education",0.8556
13282690920190101,Learning to code via tablet applications: An evaluation of Daisy the Dinosaur and Kodable as learning tools for young children.,PILA201952,Learning to code via tablet applications: An evaluation of Daisy the Dinosaur and Kodable as learning tools for young children,0.8411
13418564420190401,Grouping matters in computational robotic activities.,TAYLOR201999,Grouping matters in computational robotic activities,0.8611
13465761220180527,A conceptual model for cooperative thinking.,CIANCARINI2019110401,Cooperative Thinking: Analyzing a new framework for software engineering education,0.3913
13495100420190301,Viewpoint From Computational Thinking to Computational Action: Envisioning computing education that both teaches and empowers.,18485117020250501,Constructivist Confluence: Reflecting on Student-Centered Learning by Applying Constructionism to Robotics Curriculum Design Using the ITEEA Learning Standards.,0.2537
13561579720190101,Transforming Teen Services Train the Trainer: Report from the Field: Getting started facilitating connected learning and computational thinking activities with library staff.,15513690720200101,T3 Coming to a Site Near You: An opportunity to support teen development through connected learning and computational thinking.,0.2687
13633427720190101,NIVEL DE UTILIZACIÓN DE LA PLATAFORMA VIRTUAL CARAMBA VS. RENDIMIENTO ACADÉMICO EN FUNDAMENTOS DE PROGRAMACIÓN: UN ANÁLISIS CUANTITATIVO.,13915440820190501,LEVEL OF UTILIZATION OF THE VIRTUAL CARAMBA PLATFORM VS. ACADEMIC PERFORMANCE IN PROGRAMMING FUNDAMENTALS: A QUANTITATIVE ANALYSIS.,1.0
13636665920190501,Editor' s Notes.,14380208920200601,Knowledge discovery computing for management.,0.4103
13636665920190501,Editor' s Notes.,8754215520130101,FRAMING TECHNOLOGY THROUGH THE LENS OF HISTORY.,0.5862
13743221920191001,Exploring children' s learning experience in constructionism-based coding activities through design-based research.,PAPAVLASOPOULOU2019415,Exploring children' s learning experience in constructionism-based coding activities through design-based research,0.8739
13756112020191001,Collaborative Design Thinking (CoDeT): A co-design approach for high child-to-adult ratios.,VANMECHELEN2019179,Collaborative Design Thinking (CoDeT): A co-design approach for high child-to-adult ratios,0.4632
13809997720191101,The effects of mental rotation on computational thinking.,CITTA2019103613,The effects of mental rotation on computational thinking,0.7841
13810012720191101,Introduction paper special issue computers in human behavior multidisciplinary innovations and technologies for facilitation of self-regulated learning.,NOROOZI2019295,Multidisciplinary innovations and technologies for facilitation of self-regulated learning,0.975
14166466220200501,Formation of computational identity through computational thinking perspectives development in programming learning: A mediation analysis among primary school students.,KONG2020106230,Formation of computational identity through computational thinking perspectives development in programming learning: A mediation analysis among primary school students,0.8155
14180939220200415,Assessing computational thinking: A systematic review of empirical studies.,TANG2020103798,Assessing computational thinking: A systematic review of empirical studies,0.9208
14180939320200415,The effects of coding on children' s planning and inhibition skills.,ARFE2020103807,The effects of coding on children' s planning and inhibition skills,0.6667
14190397920200401,Identifying embodied metaphors for computing education.,MANCHES2020105859,Identifying embodied metaphors for computing education,0.7661
14190398020200401,Coding activities for children: Coupling eye-tracking with qualitative data to investigate gender differences.,PAPAVLASOPOULOU2020105939,Coding activities for children: Coupling eye-tracking with qualitative data to investigate gender differences,0.8142
14190398120200401,Developing young children' s computational thinking with educational robotics: An interaction effect between gender and scaffolding strategy.,ANGELI2020105954,Developing young children' s computational thinking with educational robotics: An interaction effect between gender and scaffolding strategy,0.6942
14210899220200601,Computational thinking through unplugged activities in early years of Primary Education.,DELOLMOMUNOZ2020103832,Computational thinking through unplugged activities in early years of Primary Education,0.8125
14246217620200701,"Teacher development in computational thinking: Design and learning outcomes of programming concepts, practices and pedagogy.",16101482020230301,"Scaling up a teacher development programme for sustainable computational thinking education: TPACK surveys, concept tests and primary school visits.",0.2609
14246217620200701,"Teacher development in computational thinking: Design and learning outcomes of programming concepts, practices and pedagogy.",KONG2020103872,"Teacher development in computational thinking: Design and learning outcomes of programming concepts, practices and pedagogy",0.7009
14293114520200801,A meta-analysis of teaching and learning computer programming: Effective instructional approaches and conditions.,SCHERER2020106349,A meta-analysis of teaching and learning computer programming: Effective instructional approaches and conditions,0.6373
14313587220200801,Development and analysis of the Elementary Student Coding Attitudes Survey.,MASON2020103898,Development and analysis of the Elementary Student Coding Attitudes Survey,0.7768
14380208920200601,Knowledge discovery computing for management.,8754215520130101,FRAMING TECHNOLOGY THROUGH THE LENS OF HISTORY.,0.425
14443256320200601,ÖĞRETMEN ADAYLARININ BİLGİ VE İLETİŞİM TEKNOLOJİLERİ YETERLİKLERİ VE BİLGİ İŞLEMSEL DÜŞÜNME BECERİLERİNİN ÇEŞİTLİ DEĞİŞKENLER AÇISINDAN DEĞERLENDİRİLMESİ.,16199146720230301,Modeling of Relationship of Personal and Affective Variables With Computational Thinking and Programming.,0.252
14449659920200901,"A Multiyear Investigation of Student Computational Thinking Concepts, Practices, and Perspectives in an After-School Computing Program.",14903142520210301,Broadening Participation in Computing: Promoting Affective and Cognitive Learning in Informal Spaces.,0.25
14524694520200731,A revolution in biochemistry and molecular biology education informed by basic research to meet the demands of 21st century career paths.,17305780620210502,A revolution in biochemistry and molecular biology education informed by basic research to meet the demands of 21<sup>st</sup> century career paths.,0.6068
14524694520200731,A revolution in biochemistry and molecular biology education informed by basic research to meet the demands of 21st century career paths.,BLACK202010653,A revolution in biochemistry and molecular biology education informed by basic research to meet the demands of 21st century career paths,0.637
14537016020200801,Introduction to Big Data Computing for Geospatial Applications.,FAVELA2019156,Editor’s introduction: Innovative dynamical approaches to cognitive systems,0.2551
14544285220200901,A case for combinatorics: A research commentary.,LOCKWOOD2020100783,A case for combinatorics: A research commentary,0.625
14648016620210101,An adaptive educational computer game: Effects on students'  knowledge and learning attitude in computational thinking.,15021128520210601,From Gaming to Computational Thinking: An Adaptive Educational Computer Game-Based Learning Approach.,0.3719
14648016620210101,An adaptive educational computer game: Effects on students'  knowledge and learning attitude in computational thinking.,HOOSHYAR2021106575,An adaptive educational computer game: Effects on students'  knowledge and learning attitude in computational thinking,0.8396
14648016620210101,An adaptive educational computer game: Effects on students'  knowledge and learning attitude in computational thinking.,SUN2024101542,Comparative experiment of the effects of unplugged and plugged-in programming on computational thinking in primary school students: A perspective of multiple influential factors,0.2549
14653618820201101,Computational thinking and academic achievement: A meta-analysis among students.,LEI2020105439,Computational thinking and academic achievement: A meta-analysis among students,0.5743
14724533820210101,The Associations Between Computational Thinking and Creativity: The Role of Personal Characteristics.,15115891220210901,A Log-Based Analysis of the Associations Between Creativity and Computational Thinking.,0.3379
14738287620210201,On the predictors of computational thinking and its growth at the high-school level.,GUGGEMOS2021104060,On the predictors of computational thinking and its growth at the high-school level,0.8276
14760401320210201,"The development of students'  computational thinking practices in elementary- and middle-school classes using the learning game, Zoombinis.",ASBELLCLARKE2021106587,"The development of students’ computational thinking practices in elementary- and middle-school classes using the learning game, Zoombinis",0.8617
14779220320210301,Mapping computational thinking through programming in K-12 education: A conceptual model based on a systematic literature Review.,TIKVA2021104083,Mapping computational thinking through programming in K-12 education: A conceptual model based on a systematic literature Review,0.8302
14921900620210401,"Comparison of object‐oriented and robot programming activities: The effects of programming modality on student achievement, abstraction, problem solving, and motivation.",ZURNACI2024101576,Educational robotics or unplugged coding activities in kindergartens?: Comparison of the effects on pre-school children' s computational thinking and executive function skills,0.292
14983999920210701,Assessing implicit computational thinking in Zoombinis puzzle gameplay.,ASBELLCLARKE2021106587,"The development of students’ computational thinking practices in elementary- and middle-school classes using the learning game, Zoombinis",0.2517
14983999920210701,Assessing implicit computational thinking in Zoombinis puzzle gameplay.,ROWE2021106707,Assessing implicit computational thinking in Zoombinis puzzle gameplay,0.8111
14984000920210701,"Applying computational analysis of novice learners'  computer programming patterns to reveal self-regulated learning, computational thinking, and learning performance.",SONG2021106746,"Applying computational analysis of novice learners'  computer programming patterns to reveal self-regulated learning, computational thinking, and learning performance",0.7523
15017095720210715,Measuring the effect of continuous professional development on elementary teachers'  self-efficacy to teach coding and computational thinking.,RICH2021104196,Measuring the effect of continuous professional development on elementary teachers’ self-efficacy to teach coding and computational thinking,0.9551
15021128520210601,From Gaming to Computational Thinking: An Adaptive Educational Computer Game-Based Learning Approach.,HOOSHYAR2021106575,An adaptive educational computer game: Effects on students'  knowledge and learning attitude in computational thinking,0.3657
15042839920210601,Assessing computational thinking in libraries.,16610440120230901,The State of Computational Thinking in Libraries.,0.259
15071550120210901,Item response analysis of computational thinking practices: Test characteristics and students'  learning abilities in visual programming contexts.,KONG2021106836,Item response analysis of computational thinking practices: Test characteristics and students’ learning abilities in visual programming contexts,0.7581
15115891220210901,A Log-Based Analysis of the Associations Between Creativity and Computational Thinking.,AVITAL2023101417,"Associations between Computational Thinking and Figural, Verbal Creativity",0.3354
15127135320210601,Promoting pupils'  computational thinking skills and self-efficacy: a problem-solving instructional approach.,18370088020250401,Effects of digital badges on pupils'  computational thinking and learning motivation in computer science.,0.2966
15127135320210601,Promoting pupils'  computational thinking skills and self-efficacy: a problem-solving instructional approach.,DONG2025104824,Effects of digital badges on pupils'  computational thinking and learning motivation in computer science,0.2571
15132963120210801,Which way of design programming activities is more effective to promote K‐12 students'  computational thinking skills? A meta‐analysis.,17071778120231001,Educational games promote the development of students'  computational thinking: a meta-analytic review.,0.269
15132963120210801,Which way of design programming activities is more effective to promote K‐12 students'  computational thinking skills? A meta‐analysis.,SUN2023101340,Does text-based programming improve K-12 students’ CT skills? Evidence from a meta-analysis and synthesis of qualitative data in educational contexts,0.2655
15155270420210401,Teachers'  Perceptions of First-Year Implementation of Computer Science Curriculum in Middle School: How We Can Support CS Initiatives.,15798299120220701,Integration of computational thinking into STEM activities: an example of an interdisciplinary unplugged programming activity.,0.2653
15183342820211101,Science teachers can teach computational thinking through distributed expertise.,TUCKERRAYMOND2021104284,Science teachers can teach computational thinking through distributed expertise,0.8246
15183343120211101,Investigating the impact of a flipped programming course using the DT-CDIO approach.,LAI2021104287,Investigating the impact of a flipped programming course using the DT-CDIO approach,0.6149
15191144820210901,A comprehensive assessment of secondary school students'  computational thinking skills.,KUCUK2020100167,Students’ attitudes towards robotics and STEM: Differences based on gender and robotics experience,0.2677
15343866620220101,How secondary school girls perceive Computational Thinking practices through collaborative programming with the micro:bit.,SHAHIN2022111107,How secondary school girls perceive Computational Thinking practices through collaborative programming with the micro:bit,0.7895
15345359320220101,Studying interrelations of computational thinking and creativity: A scoping review (2011– 2020).,ISRAELFISHELSON2022104353,Studying interrelations of computational thinking and creativity: A scoping review (2011– 2020),0.8077
15347792520211225,Equidistant [formula omitted]-layer multi-granularity knowledge space.,DUAN2021107596,Equidistant k-layer multi-granularity knowledge space,0.8427
15371592520211201,The Profession of IT: Computational Thinking for Professionals: Professionals practice a form of computational thinking that is significantly more advanced than popular descriptions suggest.,17745066520240501,Early Childhood Robotics: Igniting Innovation and Computational Thinking.,0.2857
15371592520211201,The Profession of IT: Computational Thinking for Professionals: Professionals practice a form of computational thinking that is significantly more advanced than popular descriptions suggest.,9015517020130901,Computer programming goes back to school.,0.2545
15390207620220201,Computational thinking for teachers: Development of a localised E-learning system.,UNG2022104379,Computational thinking for teachers: Development of a localised E-learning system,0.5811
15469418120220401,"Teaching with technology: A large-scale, international, and multilevel study of the roles of teacher and school characteristics.",KONSTANTINIDOU2022104424,"Teaching with technology: A large-scale, international, and multilevel study of the roles of teacher and school characteristics",0.7459
15469418220220401,A cognitive definition of computational thinking in primary education.,TSARAVA2022104425,A cognitive definition of computational thinking in primary education,0.6199
15485738320220415,The role of feedback and guidance as intervention methods to foster computational thinking in educational robotics learning activities for primary school.,CHEVALIER2022104431,The role of feedback and guidance as intervention methods to foster computational thinking in educational robotics learning activities for primary school,0.7581
15515101320220501,Effect of different mind mapping approaches on primary school students'  computational thinking skills during visual programming learning.,ZHAO2022104445,Effect of different mind mapping approaches on primary school students’ computational thinking skills during visual programming learning,0.6875
15515101720220501,Programming attitudes predict computational thinking: Analysis of differences in gender and programming experience.,SUN2022104457,Programming attitudes predict computational thinking: Analysis of differences in gender and programming experience,0.6232
15618757820220401,Single or Combined? A Study on Programming to Promote Junior High School Students'  Computational Thinking Skills.,17762486220240401,Different programming approaches on primary students'  computational thinking: a multifactorial chain mediation effect.,0.2791
15619852320220401,The design and evaluation of an AR-based serious game to teach programming.,SHARMA20221,The design and evaluation of an AR-based serious game to teach programming,0.7209
15628697920220701,Metacognition for artificial intelligence system safety –  An approach to safe and desired behavior.,JOHNSON2022105743,Metacognition for artificial intelligence system safety –  An approach to safe and desired behavior,0.351
15693663320220401,Connecting computational thinking in everyday reasoning and programming for elementary school students.,CHEN2017162,Assessing elementary students’ computational thinking in everyday reasoning and robotics programming,0.2545
15712293920220501,A review of Project-Based Learning (PBL) and Computational Thinking (CT) in teaching and learning.,SAAD2022101802,A review of Project-Based Learning (PBL) and Computational Thinking (CT) in teaching and learning,0.6947
15728519020220701,Computer science education and K-12 students'  computational thinking: A systematic review.,LEE2022102008,Computer science education and K-12 students’ computational thinking: A systematic review,0.6596
15738851020221001,Validating a computational thinking concepts test for primary education using item response theory: An analysis of students'  responses.,KONG2022104562,Validating a computational thinking concepts test for primary education using item response theory: An analysis of students’ responses,0.8421
15746191420220616,Computational Thinking als Teil einer MINT‐Lehrkräftefortbildung im Blended‐Learning‐Format.,16239663620230301,Konzeption einer Blended‐Learning‐Lehrkräftefortbildung mit digitalen und analogen Inhalten im Rahmen von Experimento| 10+.,0.3304
15831996920220701,Computational thinking in K-12 education. An insight through meta-analysis.,17976711820240901,Do 3– 8 Years Old Children Benefit From Computational Thinking Development? A Meta-Analysis.,0.2742
15893205020221201,A mixed-method cluster analysis of physical computing and robotics integration in middle-grade math lesson plans.,ZHA2022104623,A mixed-method cluster analysis of physical computing and robotics integration in middle-grade math lesson plans,0.6937
15938482020221201,Impact of programming on primary mathematics learning.,LAURENT2022101667,Impact of programming on primary mathematics learning,0.8471
15963266620221001,Introducing teachers who use GUI-driven tools for the randomization test to code-driven tools.,18033023520241001,Using Grayscale Photos to Introduce High School Statistics Teachers to Reasoning with Digital Image Data.,0.3153
15974292220221201,Preparing inservice science teachers to bring unplugged computational thinking to their students.,KITE2022103904,Preparing inservice science teachers to bring unplugged computational thinking to their students,0.9855
15991621720230101,"OSSCAR, an open platform for collaborative development of computational tools for education in science.",DU2023108546,"OSSCAR, an open platform for collaborative development of computational tools for education in science",0.5079
16021295520230101,Effects of voice assistant creation using different learning approaches on performance of computational thinking.,HSU2023104657,Effects of voice assistant creation using different learning approaches on performance of computational thinking,0.6395
16043998920230201,"Offline and online user experience of gamified robotics for introducing computational thinking: Comparing engagement, game mechanics and coding motivation.",MADARIAGA2023104664,"Offline and online user experience of gamified robotics for introducing computational thinking: Comparing engagement, game mechanics and coding motivation",0.748
16048781320221201,Discovering computational thinking in everyday problem solving: A multiple case study of route planning.,18089967320241201,Educational policy as predictor of computational thinking: A supervised machine learning approach.,0.2647
16050692920230101,EUDability: A new construct at the intersection of End-User Development and Computational Thinking.,BARRICELLI2023111516,EUDability: A new construct at the intersection of End-User Development and Computational Thinking,0.9565
16101482020230301,"Scaling up a teacher development programme for sustainable computational thinking education: TPACK surveys, concept tests and primary school visits.",KONG2023104707,"Scaling up a teacher development programme for sustainable computational thinking education: TPACK surveys, concept tests and primary school visits",0.7
16120788920230201,Examining Science and Technology/Engineering Educators'  Views of Teaching Biomedical Concepts Through Physical Computing.,17499838620230101,"A Physical Computing Professional Development Study: Examining Differences in Male and Female Teachers'  Attitudes Toward Computing (Evaluation, Diversity).",0.2786
16120971920230101,A smarter perspective: Learning with and from AI-cases.,ARBELAEZOSSA2023102458,A smarter perspective: Learning with and from AI-cases,0.6522
16123998720210101,Uma Análise do Perfil dos Cursos de Licenciatura em Computação no Brasil.,16123999620210101,Factors Related to the Quality of Computer Science Teacher Education Courses: A Public Data Analysis.,0.4957
16127715620230201,A deep learning technique for intrusion detection system using a Recurrent Neural Networks based framework.,KASONGO2023113,A deep learning technique for intrusion detection system using a Recurrent Neural Networks based framework,0.6442
16127943420230401,"Effect of augmented reality-based virtual educational robotics on programming students'  enjoyment of learning, computational thinking skills, and academic achievement.",OUYANG2023104721,"Effect of augmented reality-based virtual educational robotics on programming students’ enjoyment of learning, computational thinking skills, and academic achievement",0.8318
16155773120230127,Item fit investigation of computational thinking scales instrument among Indonesian physics undergraduate students: A Rasch model analysis.,16441413720230601,Computational thinking skills identification among students of physics education department using Rasch model analysis.,0.3538
16155776720230127,The role of game-based learning in developing students computational thinking skills: A review of the literature.,ZHANG2019103607,A systematic review of learning computational thinking through Scratch in K-9,0.2567
16267123620230401,Assessing teachers'  PCK to teach computational thinking via robotic programming.,17239647920231201,"Design, Implementation, and Evaluation of a Professional Development Program for Teachers to Teach Computational Thinking via Robotics.",0.2538
16300213520230401,Using design-based implementation research approach to create computational thinking assessment tools for youth programs in public libraries.,KOREN2023101240,Using design-based implementation research approach to create computational thinking assessment tools for youth programs in public libraries,0.9655
16346984320230715,Enhancing student' s computational thinking skills with student-generated questions strategy in a game-based learning platform.,CHENG2023104794,Enhancing student' s computational thinking skills with student-generated questions strategy in a game-based learning platform,0.8482
16346985620230801,Monitoring cognitive development through the assessment of computational thinking practices: A longitudinal intervention on primary school students.,KONG2023107749,Monitoring cognitive development through the assessment of computational thinking practices: A longitudinal intervention on primary school students,0.9341
16394732920230701,Gender equity and motivational readiness for computational thinking in early childhood.,MASTER2023242,Gender equity and motivational readiness for computational thinking in early childhood,0.6083
16394733820230701,Beyond computing: Computational thinking is associated with sequencing ability and self-regulation among Chinese young children.,YANG2023324,Beyond computing: Computational thinking is associated with sequencing ability and self-regulation among Chinese young children,0.5227
16394734520230701,Centering teacher and parent voice to realize culturally relevant computational thinking in early childhood.,HARPER2023381,Centering teacher and parent voice to realize culturally relevant computational thinking in early childhood,0.2961
16394734620230701,Coding as another language: Research-based curriculum for early childhood computer science.,BERS2023394,Coding as another language: Research-based curriculum for early childhood computer science,0.4789
16418112720230701,Associative thinking at the core of creativity.,BEATY2023671,Associative thinking at the core of creativity,0.3171
17004477720230901,"Exploring the Determinants of Artificial Intelligence (AI) Literacy: Digital Divide, Computational Thinking, Cognitive Absorption.",CELIK2023102026,"Exploring the Determinants of Artificial Intelligence (AI) Literacy: Digital Divide, Computational Thinking, Cognitive Absorption",0.5403
17041353620231001,Computational thinking with families: Studying an at-home media intervention to promote joint media engagement between preschoolers and their parents.,LAVIGNE2023102,Computational thinking with families: Studying an at-home media intervention to promote joint media engagement between preschoolers and their parents,0.5372
17041353820231001,Data collection and analysis for preschoolers: An engaging context for integrating mathematics and computational thinking with digital tools.,LEWISPRESSER202342,Data collection and analysis for preschoolers: An engaging context for integrating mathematics and computational thinking with digital tools,0.5081
17041353920231001,Designing formative assessments of early childhood computational thinking.,CLARKEMIDURA202368,Designing formative assessments of early childhood computational thinking,0.4298
17041354020231001,Scaffolding young children' s computational thinking with teacher talk in a technology-mediated classroom.,HU202381,Scaffolding young children' s computational thinking with teacher talk in a technology-mediated classroom,0.693
17041354120231001,Computational thinking in early childhood education: The impact of programming a tangible robot on developing debugging knowledge.,MISIRLI2023139,Computational thinking in early childhood education: The impact of programming a tangible robot on developing debugging knowledge,0.2804
17041354220231001,An exploration of robot programming as a foundation for spatial reasoning and computational thinking in preschoolers'  guided play.,BERSON202357,An exploration of robot programming as a foundation for spatial reasoning and computational thinking in preschoolers’ guided play,0.641
17071778120231001,Educational games promote the development of students'  computational thinking: a meta-analytic review.,17312180420231201,Game-Based Learning for Students'  Computational Thinking: A Meta-Analysis.,0.3041
17071779920231001,Progressive flowchart development scaffolding to improve university students'  computational thinking and programming self-efficacy.,18096777020241101,"The effects of a role-play-based micro-game strategy on students'  computational thinking, learning engagement and learning motivation.",0.2835
17131371920231101,Artificial intelligence and human behavioral development: A perspective on new skills and competences acquisition for the educational context.,BENVENUTI2023107903,Artificial intelligence and human behavioral development: A perspective on new skills and competences acquisition for the educational context,0.5975
17305780620210502,A revolution in biochemistry and molecular biology education informed by basic research to meet the demands of 21<sup>st</sup> century career paths.,BLACK202010653,A revolution in biochemistry and molecular biology education informed by basic research to meet the demands of 21st century career paths,0.4485
17343507420240101,Teachers'  perceptions of the barriers and drivers for the integration of Informatics in primary education.,STUPURIENE2024104939,Teachers’ perceptions of the barriers and drivers for the integration of Informatics in primary education,0.8515
17372699820240329,ImageLM: Interpretable image-based learner modelling for classifying learners'  computational thinking.,HOOSHYAR2024122283,ImageLM: Interpretable image-based learner modelling for classifying learners’ computational thinking,0.8673
17397482820240201,Enhancing elementary school students'  computational thinking and programming learning with graphic organizers.,YANG2024104962,Enhancing elementary school students'  computational thinking and programming learning with graphic organizers,0.8431
17406138320240101,Computationally inspired cognitive modeling.,WOLFENGAGEN2024101175,Computationally inspired cognitive modeling,0.9412
17406139020240101,Building a cognitive system based on process interaction.,WOLFENGAGEN2024101183,Building a cognitive system based on process interaction,0.9663
17447118220240301,The cognitive effects of computational thinking: A systematic review and meta-analytic study.,MONTUORI2024104961,The cognitive effects of computational thinking: A systematic review and meta-analytic study,0.776
17499777320230101,Board 196: A Framework to Assess Debugging Skills for Computational Thinking in Science and Engineering.,18300604820240101,A Framework to Assess Debugging Skills for Computational Thinking in Science and Engineering.,1.0
17499838620230101,"A Physical Computing Professional Development Study: Examining Differences in Male and Female Teachers'  Attitudes Toward Computing (Evaluation, Diversity).",18023067820241001,Examining middle school students'  attitudes toward computing after participating in a physical computing unit.,0.25
17536086020240201,Mathematical modelling as a vehicle for eliciting algorithmic thinking.,18448793420250417,Examining the interaction of computational thinking skills and heuristics in mathematical problem solving.,0.2639
17536086020240201,Mathematical modelling as a vehicle for eliciting algorithmic thinking.,LEHMANN2023101079,Using algorithmic thinking to design algorithms: The case of critical path analysis,0.3692
17564124020240501,Enhancing English writing and higher-order thinking skills through computational thinking.,WU2024105012,Enhancing English writing and higher-order thinking skills through computational thinking,0.708
17572225820240201,Children' s knowledge construction of computational thinking in a play-based classroom.,18503640020250601,Examining Young Children' s Computational Thinking through Animation Art.,0.2609
17622620320240401,Social uncertainty in the digital world.,FERGUSON2024286,Social uncertainty in the digital world,1.0
17644113020240601,Inclusion of individuals with autism spectrum disorder in Software Engineering.,MARQUEZ2024107434,Inclusion of individuals with autism spectrum disorder in Software Engineering,0.6288
17654630420240701,"The impact of school support for professional development on teachers'  adoption of student-centered pedagogy, students'  cognitive learning and abilities: A three-level analysis.",KONG2024105016,"The impact of school support for professional development on teachers'  adoption of student-centered pedagogy, students’ cognitive learning and abilities: A three-level analysis",0.7934
17654630720240701,A metaphor-based robot programming approach to facilitating young children' s computational thinking and positive learning behaviors.,ZHANG2024105039,A metaphor-based robot programming approach to facilitating young children’s computational thinking and positive learning behaviors,0.7815
17703674120240601,"Transitioning From Introductory to Professional Programming in Secondary Education: Comparing Learners'  Computational Thinking Skills, Behaviors, and Attitudes.",17762487020240401,"Block-based versus text-based programming: a comparison of learners'  programming behaviors, computational thinking skills and attitudes toward programming.",0.2535
17703674720240601,Effects of Gamified Python Programming on Primary School Students'  Computational Thinking Skills: A Differential Analysis of Gender.,SUN2024101542,Comparative experiment of the effects of unplugged and plugged-in programming on computational thinking in primary school students: A perspective of multiple influential factors,0.25
17703674720240601,Effects of Gamified Python Programming on Primary School Students'  Computational Thinking Skills: A Differential Analysis of Gender.,SUN2025101852,Comparative study of codecombat-based python programming and scratch programming effects on sixth graders'  Computational thinking: interaction effects of gender and programming experience,0.2687
17708829420240715,Advancing young students'  computational thinking: An investigation of structured curriculum in early years primary schooling.,FALLOON2024105045,Advancing young students’ computational thinking: An investigation of structured curriculum in early years primary schooling,0.5531
17739327720240501,"Play with Coding Toys in Early Childhood Education and Care: Teachers'  Pedagogical Strategies, Views and Impact on Children' s Development. A Systematic Literature Review.",POLLAROLO2024100637,"Play with Coding Toys in Early Childhood Education and Care: Teachers’ Pedagogical Strategies, Views and Impact on Children' s Development. A Systematic Literature Review",0.3675
17745066520240501,Early Childhood Robotics: Igniting Innovation and Computational Thinking.,18286840120240301,"Thinking Critically, Coding Creatively: Elevating Social Studies Through Inquiry-Based Learning and Computer Science Integration.",0.2615
17751865220240701,Coding With Robots or Tablets? Effects of Technology-Enhanced Embodied Learning on Preschoolers'  Computational Thinking and Social-Emotional Competence.,YANG2023101218,The impact of story-inspired programming on preschool children' s computational thinking: A multi-group experiment,0.2674
17760154020240719,The Hiking Optimization Algorithm: A novel human-based metaheuristic approach.,OLADEJO2024111880,The Hiking Optimization Algorithm: A novel human-based metaheuristic approach,0.5443
17762486220240401,Different programming approaches on primary students'  computational thinking: a multifactorial chain mediation effect.,SUN2024101542,Comparative experiment of the effects of unplugged and plugged-in programming on computational thinking in primary school students: A perspective of multiple influential factors,0.25
17762486220240401,Different programming approaches on primary students'  computational thinking: a multifactorial chain mediation effect.,SUN2025101852,Comparative study of codecombat-based python programming and scratch programming effects on sixth graders'  Computational thinking: interaction effects of gender and programming experience,0.2617
17873531720240801,Leveraging marine biotechnology for an All-Atlantic sustainable blue economy.,THOMPSON2024939,Leveraging marine biotechnology for an All-Atlantic sustainable blue economy,1.0
17890884720241015,Dynamic interplays between self-regulated learning and computational thinking in primary school students through animations and worksheets.,KONG2024105126,Dynamic interplays between self-regulated learning and computational thinking in primary school students through animations and worksheets,0.6479
17897569720241101,Enhancing campus OS community engagement through the miniOS pilot class: A nine-year journey.,GU2024825,Enhancing campus OS community engagement through the miniOS pilot class: A nine-year journey,0.677
17910172920240820,Young children’s computational thinking: educator pedagogy fostering children’s play and learning with a tangible coding device.,18375441920250401,Young children' s computational thinking: educator pedagogy fostering children' s play and learning with a tangible coding device: Young children' s computational thinking: K. Murcia et al.,0.883
17957125420240906,Micro: bit programming effects on elementary STEM teachers’ computational thinking and programming attitudes: a moderated mediation model.,18503798920250701,Improving Computational Thinking for Middle School Students Through Python Programming: Interaction Effect Analysis of Grade Level and Gender.,0.25
17963329620240701,Young children' s copying of block constructions: Significant constraints in a highly complex task.,LANDAU2024101463,Young children’s copying of block constructions: Significant constraints in a highly complex task,0.9038
17979330020241201,"The interplay of rewards and competition in digital game-based learning: Effects on intrinsic motivation, game performance and behaviors, and computational thinking.",CHEN2024101995,"The interplay of rewards and competition in digital game-based learning: Effects on intrinsic motivation, game performance and behaviors, and computational thinking",0.9647
18002711020240701,La enseñanza del pensamiento computacional y sus efectos sobre las funciones ejecutivas de los niños.,ROBLEDOCASTRO2023105738,Cognitive stimulation of executive functions through computational thinking,0.2721
18023067820241001,Examining middle school students'  attitudes toward computing after participating in a physical computing unit.,LOVE2022100543,A screen-based or physical computing unit? Examining secondary students’ attitudes toward coding,0.269
18105986520250201,Mi Superpoder es la Programación: A tool for teaching programming to children and youth.,GUTIERREZBELTRAN2025103198,Mi Superpoder es la Programación: A tool for teaching programming to children and youth,0.9808
18111603420250201,Innovative ongoing support within a multifaceted computational thinking professional learning program improves teachers'  self-efficacy and classroom practices.,YUAN2025105174,Innovative ongoing support within a multifaceted computational thinking professional learning program improves teachers’ self-efficacy and classroom practices,0.8148
18111603520250201,Teachers'  computational thinking content knowledge: Development of a measurement instrument.,MONTEYNE2025105181,Teachers’ computational thinking content knowledge: Development of a measurement instrument,0.6522
18122501420250201,The impact of a block-based visual programming curriculum: Untangling coding skills and computational thinking.,YANG2025102041,The impact of a block-based visual programming curriculum: Untangling coding skills and computational thinking,0.8738
18160279620241101,Teaching design students machine learning to enhance motivation for learning computational thinking skills.,WANG2024104619,Teaching design students machine learning to enhance motivation for learning computational thinking skills,0.5028
18168193120241201,DVRT: Design and evaluation of a virtual reality drone programming teaching system.,JIN2024104114,DVRT: Design and evaluation of a virtual reality drone programming teaching system,0.5122
18218309820250401,Evaluating AI literacy of secondary students: Framework and scale development.,ZHONG2025105230,Evaluating AI literacy of secondary students: Framework and scale development,0.634
18239485820250101,Programming Fun(damentals): Using commercial video games to teach basic coding to adult learners.,ARNEDOMORENO2025100850,Programming Fun(damentals): Using commercial video games to teach basic coding to adult learners,0.8162
18286840120240301,"Thinking Critically, Coding Creatively: Elevating Social Studies Through Inquiry-Based Learning and Computer Science Integration.",9015517020130901,Computer programming goes back to school.,0.2742
18321238520250501,Understanding the gender divide in digital literacy in four European countries: A comprehensive decomposition analysis using unconditional quantile regression.,FANG2025105264,Understanding the gender divide in digital literacy in four European countries: A comprehensive decomposition analysis using unconditional quantile regression,0.785
18370088020250401,Effects of digital badges on pupils'  computational thinking and learning motivation in computer science.,DONG2025104824,Effects of digital badges on pupils'  computational thinking and learning motivation in computer science,0.7302
18384879720250701,A three-phase professional development approach to improving robotics pedagogical knowledge and computational thinking attitude of early childhood teachers.,YANG2025105282,A three-phase professional development approach to improving robotics pedagogical knowledge and computational thinking attitude of early childhood teachers,0.7438
18452376720250715,A latent profile analysis of teachers'  knowledge about and perceived usefulness of computational thinking and how teacher profiles relate to student achievement.,KONG2025105281,A latent profile analysis of teachers’ knowledge about and perceived usefulness of computational thinking and how teacher profiles relate to student achievement,0.6565
18497344520250501,The effects of programming interventions in early childhood: A meta-analysis.,SIMONSMEIER2025102699,The effects of programming interventions in early childhood: A meta-analysis,0.6503
18503798920250701,Improving Computational Thinking for Middle School Students Through Python Programming: Interaction Effect Analysis of Grade Level and Gender.,SUN2025101852,Comparative study of codecombat-based python programming and scratch programming effects on sixth graders'  Computational thinking: interaction effects of gender and programming experience,0.2645
7359003120110521,Collaborative teaching of globally distributed software development.,8790448820130201,3rd International Workshop on Collaborative Teaching of Globally Distributed Software Development (CTGDSD 2013).,0.7835
9264084120140301,Role of automation in the examination of handwritten items.,SRIHARI20141083,Role of automation in the examination of handwritten items,0.6875
9358952720140301,Computational thinking and tinkering: Exploration of an early childhood robotics curriculum.,BERS2014145,Computational thinking and tinkering: Exploration of an early childhood robotics curriculum,1.0
9624235020140701,Understanding the paradigm shift to computational social science in the presence of big data.,CHANG201467,Understanding the paradigm shift to computational social science in the presence of big data,0.6765
ABDELHAMID2022101673,Discovering epistasis interactions in Alzheimer' s disease using deep learning model,ABDELHAMID2023101986,Discovering epistasis interactions in Alzheimer’s disease using integrated framework of ensemble learning and multifactor dimensionality reduction (MDR),0.2604
ALIPPI2019245,Chapter 12 - Computational Intelligence in the Time of Cyber-Physical Systems and the Internet of Things,ALIPPI2024251,13 - Computational intelligence in cyber-physical systems and the Internet of Things,1.0
ANGELI2020106185,Computational thinking education: Issues and challenges,GIANNAKOS201777,"Entertainment, engagement, and education: Foundations and developments in digital and physical spaces to support learning through making",0.2865
ASHBY2016211,Chapter 14 - The Vision: A Circular Materials Economy,ASHBY2024255,Chapter 10 - Circular Materials Economics,0.4709
BEHR199399,Computation of incompressible flows with implicit finite element implementations on the Connection Machine,TEZDUYAR199521,- Massively parallel finite element computation of 3d flows - mesh update strategies in computation of moving boundaries and interfaces° †,0.2545
BOUKHANOVSKY20151,Young Researchers Advancing Computational Science: Perspectives of the Young Scientists Conference 2015,KLIMOVA20171,Where Youth strives in Computational Science: retrospective Analysis of Young Scientist Conference in HPC and Simulation,0.2786
BOUKHANOVSKY20151,Young Researchers Advancing Computational Science: Perspectives of the Young Scientists Conference 2015,KLIMOVA20201,Artificial Intelligence as the Driver of Computational Science: preface to YSC’2020,0.2672
CHEN201217,Data-Brain driven systematic human brain data analysis: A case study in numerical inductive reasoning centric investigation,MOTOMURA20103,Multi-aspect data analysis for investigating human computation mechanism,0.2536
CHERNYSHOV2004535,A System Identification Approach to Assessing Airline Pilot Skills,CHERNYSHOV20151345,Information Support and Skill Evaluation of Human-Operators,0.3717
CIFTCI2023101337,Improving early childhood pre-service teachers’ computational thinking skills through the unplugged computational thinking integrated STEM approach,ZURNACI2024101576,Educational robotics or unplugged coding activities in kindergartens?: Comparison of the effects on pre-school children' s computational thinking and executive function skills,0.2632
CORICELLI2015153,Strategic Mentalizing: The Neural Correlates of Strategic Choice,GRIESSINGER201573,The neuroeconomics of strategic interaction,0.2544
COWAN2017147,2.09 - Working Memory: The Information You Are Now Thinking of,COWAN2024,Working memory: The information you are now thinking of,1.0
DEALMEIDA2022469,Structuring and mathematical modeling for investment choice: a multi-method approach from Value-Focused Thinking and CRITIC-GRA-3N method,DEALMEIDA2022478,Assisting in the choice to fill a vacancy to compose the PROANTAR team: Applying VFT and the CRITIC-GRA-3N methodology,0.3011
DONG2025104824,Effects of digital badges on pupils'  computational thinking and learning motivation in computer science,SUN2025101852,Comparative study of codecombat-based python programming and scratch programming effects on sixth graders'  Computational thinking: interaction effects of gender and programming experience,0.262
DUKHANOV20141433,Double-degree Master' s Program in Computational Science: Experiences of ITMO University and University of Amsterdam,KRZHIZHANOVSKAYA2015288,Russian-Dutch double-degree Master’s programme in computational science in the age of global education,0.5659
FARHAT199361,"Two-dimensional viscous flow computations on the Connecti on Machine: Unstructured meshes, upwind schemes and massively parallel computations",FARHAT199435,Simulation of compressible viscous flows on a variety of MPPs: computational algorithms for unstructured dynamic meshes and performance results,0.2519
GAO2019146333,Coactivations of barrel and piriform cortices induce their mutual synapse innervations and recruit associative memory cells,WU2020107246,miRNA-324/-133a essential for recruiting new synapse innervations and associative memory cells in coactivated sensory cortices,0.4257
GAO2022112486,"Regarding the shallow water in an ocean via a Whitham-Broer-Kaup-like system: hetero-Bäcklund transformations, bilinear forms and M solitons",GAO2022112672,Thinking about the oceanic shallow water via a generalized Whitham-Broer-Kaup-Boussinesq-Kupershmidt system,0.2828
GAO2022112486,"Regarding the shallow water in an ocean via a Whitham-Broer-Kaup-like system: hetero-Bäcklund transformations, bilinear forms and M solitons",GAO20241233,"Hetero-Bäcklund transformation, bilinear forms and multi-solitons for a (2＋1)-dimensional generalized modified dispersive water-wave system for the shallow water",0.3008
GAO2022112672,Thinking about the oceanic shallow water via a generalized Whitham-Broer-Kaup-Boussinesq-Kupershmidt system,GAO2023106199,"Letter to the Editor on a shallow water wave equation in Results Phys. 43, 106048 (2022) and its generalization",0.2708
GAO2022112672,Thinking about the oceanic shallow water via a generalized Whitham-Broer-Kaup-Boussinesq-Kupershmidt system,GAO20241233,"Hetero-Bäcklund transformation, bilinear forms and multi-solitons for a (2＋1)-dimensional generalized modified dispersive water-wave system for the shallow water",0.2778
GARDNER2024103,Chapter 5 - Smart design for socially engaging environments,GARDNER202477,Chapter 4 - Smart design for urban activation and placemaking,0.2783
GOLDSCHMIDT201146,Architecture,GOLDSCHMIDT202050,Architecture☆,0.8421
GRANJO202021,Enhancing the autonomy of students in chemical engineering education with LABVIRTUAL platform,RASTEIRO2009e9,LABVIRTUAL— A virtual platform to teach chemical processes,0.3333
GUO2021100952,RETRACTED: Steal like an artist: Connection between critical thinking and creativity of a future musician in a digital environment,LI2022100980,RETRACTED: Studying creativity and critical thinking skills at university and students'  future income,1.0
GUO2021100952,RETRACTED: Steal like an artist: Connection between critical thinking and creativity of a future musician in a digital environment,SHU2021100961,RETRACTED: Influence of piano playing on logical thinking formation of future musicians,1.0
GUO2021100952,RETRACTED: Steal like an artist: Connection between critical thinking and creativity of a future musician in a digital environment,WANG2021100968,RETRACTED: Interdisciplinary approaches to arts education: Exploring the link between creative thinking and mastering exact sciences,0.8706
GUO2021100952,RETRACTED: Steal like an artist: Connection between critical thinking and creativity of a future musician in a digital environment,YANG2024e39515,RETRACTED: Cultivation strategies of English thinking ability in the environment of Internet of Things,0.288
GUO2021100952,RETRACTED: Steal like an artist: Connection between critical thinking and creativity of a future musician in a digital environment,ZHANG2021100947,RETRACTED: Creative thinking and musical collaboration: Promoting online learning groups for aspiring musicians,1.0
GUO2021100952,RETRACTED: Steal like an artist: Connection between critical thinking and creativity of a future musician in a digital environment,ZHOU2021100972,RETRACTED: The influence of choral practices and passive listening to music on creative thinking,1.0
GUPTA19941,On the principles of fuzzy neural networks,GUPTA19971,Future Challenges for Fuzzy-Neural Computing Systems,0.5786
HALFORD2008298,Cognitive Developmental Theories,HALFORD2020327,Cognitive Developmental Theories☆,0.8846
HAO201630,Reflection enhances creativity: Beneficial effects of idea evaluation on idea generation,WANG201792,Neural correlates of serial order effect in verbal divergent thinking,0.2606
HOOSHYAR2021106575,An adaptive educational computer game: Effects on students'  knowledge and learning attitude in computational thinking,SUN2024101542,Comparative experiment of the effects of unplugged and plugged-in programming on computational thinking in primary school students: A perspective of multiple influential factors,0.2515
HWU2023433,Chapter 19 - Parallel programming and computational thinking,KIRK2017369,Chapter 17 - Parallel programming and computational thinking,0.2574
ILLES2015735,Chapter 45 - Advances in Ethics for the Neuroscience Agenda,MCCALL20231025,Chapter 57 - Advances in ethics for the neuroscience agenda_*,0.6486
ISMAIL2018165,Chapter 6 - High-Throughput Screening of Phytochemicals: Application of Computational Methods,ISMAIL2024219,Chapter 7 - High throughput screening of phytochemicals: Application of computational methods,0.375
KALRO19971235,Parallel 3D computation of unsteady flows around circular cylinders,KALRO1998267,3D computation of unsteady flow past a sphere with a parallel finite element method,0.2835
KASHEFI2012117,Supporting Engineering Students’ Thinking and Creative Problem Solving through Blended Learning,KASHEFI20125534,Fostering Mathematical Thinking in the Learning of Multivariable Calculus Through Computer-Based Tools,0.2632
KAZIMOGLU20121991,A Serious Game for Developing Computational Thinking and Learning Introductory Computer Programming,KAZIMOGLU2012522,Learning Programming at the Computational Thinking Level via Digital Game-Play,0.2935
KEARNS2024543,"The Application of Knowledge Engineering via the Use of a Biomimetic Digital Twin Ecosystem, Phenotype-Driven Variant Analysis, and Exome Sequencing to Understand the Molecular Mechanisms of Disease",KEARNS2025256,Biomimetic Digital Twins and Multiomics: Applications to Rheumatoid Arthritis and the Potential Reclassification of Variants of Unknown Clinical Significance,0.297
KHAYUT201493,Modeling of Intelligent System Thinking in Complex Adaptive Systems,KHAYUT2016135,Modeling of Computational Systemic Deep Mind Under Uncertainty,0.3378
KIM2024,Machine Learning– Based Prediction of Suicidal Thinking in Adolescents by Derivation and Validation in 3 Independent Worldwide Cohorts: Algorithm Development and Validation Study,KIM2025,Machine Learning– Based Prediction of Substance Use in Adolescents in Three Independent Worldwide Cohorts: Algorithm Development and Validation Study,0.2742
KISS2019109,Process Systems Engineering from an industrial and academic perspective,KISS2020106823,Process systems engineering developments in Europe from an industrial and academic perspective,0.6562
KLATT200719,Perspectives for process systems engineering –  a personal view from academia and industry,KLATT2009536,Perspectives for process systems engineering— Personal views from academia and industry,0.3967
KLIMOVA20171,Where Youth strives in Computational Science: retrospective Analysis of Young Scientist Conference in HPC and Simulation,KLIMOVA20201,Artificial Intelligence as the Driver of Computational Science: preface to YSC’2020,0.5204
KLIMOVA20201,Artificial Intelligence as the Driver of Computational Science: preface to YSC’2020,KLIMOVA20231,Strategic Trends in Artificial Intelligence Through Impact of Computational Science: What Young Scientists Should Expect,0.2857
KONG2021106836,Item response analysis of computational thinking practices: Test characteristics and students’ learning abilities in visual programming contexts,KONG2022104562,Validating a computational thinking concepts test for primary education using item response theory: An analysis of students’ responses,0.262
KU2021114105,Computational linguistic analysis applied to a semantic fluency task: A replication among first-episode psychosis patients with and without derailment and tangentiality,PAUSELLI201874,Computational linguistic analysis applied to a semantic fluency task to measure derailment and tangentiality in schizophrenia,0.3174
KUO2010307,Conceptual study of micro-tab device in airframe noise reduction: (I) 2D computation,KUO201232,Conceptual study of micro-tab device in airframe noise reduction: (II) 3D computation,0.4154
LENG2024158,Review of manufacturing system design in the interplay of Industry 4.0 and Industry 5.0 (Part I): Design thinking and modeling methods,LENG2025528,Review of manufacturing system design in the interplay of Industry 4.0 and Industry 5.0 (Part II): Design processes and enablers,0.2895
LI2022100980,RETRACTED: Studying creativity and critical thinking skills at university and students'  future income,SHU2021100961,RETRACTED: Influence of piano playing on logical thinking formation of future musicians,1.0
LI2022100980,RETRACTED: Studying creativity and critical thinking skills at university and students'  future income,WANG2021100968,RETRACTED: Interdisciplinary approaches to arts education: Exploring the link between creative thinking and mastering exact sciences,0.8706
LI2022100980,RETRACTED: Studying creativity and critical thinking skills at university and students'  future income,YANG2024e39515,RETRACTED: Cultivation strategies of English thinking ability in the environment of Internet of Things,0.288
LI2022100980,RETRACTED: Studying creativity and critical thinking skills at university and students'  future income,ZHANG2021100947,RETRACTED: Creative thinking and musical collaboration: Promoting online learning groups for aspiring musicians,1.0
LI2022100980,RETRACTED: Studying creativity and critical thinking skills at university and students'  future income,ZHOU2021100972,RETRACTED: The influence of choral practices and passive listening to music on creative thinking,1.0
LI202261,Stochastic configuration networks for self-blast state recognition of glass insulators with adaptive depth and multi-scale representation,ZHANG2020259,Self-blast state detection of glass insulators based on stochastic configuration networks and a feedback transfer learning mechanism,0.2615
LI2024101572,Metacognition predicts critical thinking ability beyond working memory: Evidence from middle school and university students,REN2020101487,Critical thinking predicts academic performance beyond general cognitive ability: Evidence from adults and children,0.416
LISSACK2019231,Understanding Is a Design Problem: Cognizing from a Designerly Thinking Perspective. Part 1,LISSACK2019327,Understanding Is a Design Problem: Cognizing from a Designerly Thinking Perspective. Part 2,1.0
MANSON201055,Diagnostics and rubrics for assessing learning across the computational science curriculum,MANSON2010857,Assessing and refining an undergraduate computational science curriculum,0.8689
MARTINRAMOS201751,First exposure to Arduino through peer-coaching: Impact on students'  attitudes towards programming,MARTINRAMOS2018420,Reprint of ‘First exposure to Arduino through peer-coaching: Impact on students'  attitudes towards programming’,1.0
MAYER2010273,Problem Solving and Reasoning,MAYER2023229,Problem solving,0.2784
MILLER201455,"Chapter 5 - Managing and Integrating Exposome Data: Maps, Models, Computation, and Systems Biology",MILLER2020181,Chapter eight - Data science and the exposome,0.5333
MILLER2017103,6 - Graduate and postgraduate education at a crossroads,MILLER2023125,Chapter 7 - Graduate and postgraduate education at a crossroads,0.6281
MILLER2017141,8 - Doctoral and professional programs,MILLER2023169,Chapter 9 - Doctoral and professional programs,0.8957
NIE20181939,Land use modeling and optimization based on food-energy-water nexus: a case study on crop-livestock systems,NIE2019205,Two-Stage Land Use Optimization for A Food-Energy-Water Nexus System: A Case Study In Texas Edwards Region,0.5727
NORTON2006600,Computational fluid dynamics (CFD) –  an effective and efficient design and analysis tool for the food industry: A review,XIA20025,Applications of computational fluid dynamics (cfd) in the food industry: a review,0.2963
POLLAROLO2024100637,"Play with Coding Toys in Early Childhood Education and Care: Teachers’ Pedagogical Strategies, Views and Impact on Children' s Development. A Systematic Literature Review",PRASADPANDEY2025100736,"Exploring STEM (science, technology, engineering and mathematics) toys in kindergarten: Teachers'  pedagogical approaches, perspective and effect on Children' s brain development: A systematic literature review",0.289
PSYCHARIS2013253,"Examining the effect of the computational models on learning performance, scientific reasoning, epistemic beliefs and argumentation: An implication for the STEM agenda",PSYCHARIS201490,"The impact of the computational inquiry based experiment on metacognitive experiences, modelling indicators and learning performance",0.3266
ROMANGONZALEZ2017678,Which cognitive abilities underlie computational thinking? Criterion validity of the Computational Thinking Test,ROMANGONZALEZ2018441,Extending the nomological network of computational thinking with non-cognitive factors,0.2678
ROSSITER20241,MATLAB files to support learning of simple frequency response design,ROSSITER202473,A MATLAB virtual laboratory to support learning of auto-tuning PID approaches,0.4853
RUFFONI201191,3.307 - Finite Element Analysis in Bone Research: A Computational Method Relating Structure to Mechanical Function,RUFFONI2017169,3.10 Finite Element Analysis in Bone Research: A Computational Method Relating Structure to Mechanical Function☆,0.9741
RUNCO201469,Chapter 3 - Biological Perspectives on Creativity,RUNCO2023115,Chapter 4 - Biological Perspectives on Creativity,0.7891
SEJNOWSKI200919,Computational Methods,SEJNOWSKI2015480,Computational Neuroscience,0.292
SHU2021100961,RETRACTED: Influence of piano playing on logical thinking formation of future musicians,WANG2021100968,RETRACTED: Interdisciplinary approaches to arts education: Exploring the link between creative thinking and mastering exact sciences,0.8706
SHU2021100961,RETRACTED: Influence of piano playing on logical thinking formation of future musicians,YANG2024e39515,RETRACTED: Cultivation strategies of English thinking ability in the environment of Internet of Things,0.288
SHU2021100961,RETRACTED: Influence of piano playing on logical thinking formation of future musicians,ZHANG2021100947,RETRACTED: Creative thinking and musical collaboration: Promoting online learning groups for aspiring musicians,1.0
SHU2021100961,RETRACTED: Influence of piano playing on logical thinking formation of future musicians,ZHOU2021100972,RETRACTED: The influence of choral practices and passive listening to music on creative thinking,1.0
SU2022100049,Artificial intelligence in early childhood education: A scoping review,SU2023100122,A systematic review of integrating computational thinking in early childhood education,0.2842
SUN2024101542,Comparative experiment of the effects of unplugged and plugged-in programming on computational thinking in primary school students: A perspective of multiple influential factors,SUN2025101852,Comparative study of codecombat-based python programming and scratch programming effects on sixth graders'  Computational thinking: interaction effects of gender and programming experience,0.3375
SUN2025101852,Comparative study of codecombat-based python programming and scratch programming effects on sixth graders'  Computational thinking: interaction effects of gender and programming experience,ZHONG2016423,The impact of social factors on pair programming in a primary school,0.2619
TALANOV201641,Emotional simulations and depression diagnostics,TALANOV2018473,Simulation of serotonin mechanisms in NEUCOGAR cognitive architecture,0.3767
TEZDUYAR19992039,Methods for parallel computation of complex flow problems,TEZDUYAR199997,CFD methods for three-dimensional computation of complex flow problems,0.4167
TOPLAK202223,"2 - Foundations for the development of judgment and decision-making: Cognitive abilities, thinking dispositions, and specific knowledge",TOPLAK202253,3 - Development of the ability to detect and override miserly information processing,0.2556
TWORZYDLO199387,Towards an automated environment in computational mechanics,TWORZYDLO1995759,Knowledge-based methods and smart algorithms in computational mechanics,0.8333
VASSILOPOULOS2010139,5 - Novel computational methods for fatig life modeling of composite materials,VASSILOPOULOS2020349,10 - Computational intelligence methods for the fatigue life modeling of composite materials,0.9647
WANG2021100968,RETRACTED: Interdisciplinary approaches to arts education: Exploring the link between creative thinking and mastering exact sciences,YANG2024e39515,RETRACTED: Cultivation strategies of English thinking ability in the environment of Internet of Things,0.296
WANG2021100968,RETRACTED: Interdisciplinary approaches to arts education: Exploring the link between creative thinking and mastering exact sciences,ZHANG2021100947,RETRACTED: Creative thinking and musical collaboration: Promoting online learning groups for aspiring musicians,0.8706
WANG2021100968,RETRACTED: Interdisciplinary approaches to arts education: Exploring the link between creative thinking and mastering exact sciences,ZHOU2021100972,RETRACTED: The influence of choral practices and passive listening to music on creative thinking,0.8706
WARD201140,Analogies,WARD2018,Analogy☆,0.9787
XIAO1995169,"Three-dimensional melt flows in Czochralski oxide growth: high-resolution, massively parallel, finite element computations",ZHOU1997497,Three-dimensional computations of solution hydrodynamics during the growth of potassium dihydrogen phosphate I. Spin up and steady rotation,0.2524
YANG20101297,"Computational optimization, modelling and simulation– a paradigm shift",YANG20111230,"Computational optimization, modelling and simulation: Recent advances and overview",0.3596
YANG20101297,"Computational optimization, modelling and simulation– a paradigm shift",YANG2012852,"Computational Optimization, Modelling and Simulation: Smart Algorithms and Better Models",0.2869
YANG20101297,"Computational optimization, modelling and simulation– a paradigm shift",YANG2013855,"Computational Optimization, Modelling and Simulation: Recent Trends and Challenges",0.3
YANG20101297,"Computational optimization, modelling and simulation– a paradigm shift",YANG2014754,"Computational Optimization, Modelling and Simulation: Past, Present and Future",0.2936
YANG20111230,"Computational optimization, modelling and simulation: Recent advances and overview",YANG2012852,"Computational Optimization, Modelling and Simulation: Smart Algorithms and Better Models",0.5464
YANG2013855,"Computational Optimization, Modelling and Simulation: Recent Trends and Challenges",YANG2014754,"Computational Optimization, Modelling and Simulation: Past, Present and Future",0.3805
YANG20151,Chapter 1 - Bio-Inspired Computation and Optimization: An Overview,YANG20161,Chapter 1 - Bio-inspired computation and its applications in image processing: an overview,0.3
YANG2020119,A multilevel neighborhood sequential decision approach of three-way granular computing,YANG202075,Local temporal-spatial multi-granularity learning for sequential three-way granular computing,0.2831
YANG202075,Local temporal-spatial multi-granularity learning for sequential three-way granular computing,YANG2022107728,Mixed data-driven sequential three-way decision via subjective– objective dynamic fusion,0.2911
YANG2024e39515,RETRACTED: Cultivation strategies of English thinking ability in the environment of Internet of Things,ZHANG2021100947,RETRACTED: Creative thinking and musical collaboration: Promoting online learning groups for aspiring musicians,0.288
YANG2024e39515,RETRACTED: Cultivation strategies of English thinking ability in the environment of Internet of Things,ZHOU2021100972,RETRACTED: The influence of choral practices and passive listening to music on creative thinking,0.288
YECKEL1998206,Three-dimensional computations of solution hydrodynamics during the growth of potassium dihydrogen phosphate: II. Spin down,ZHOU1997497,Three-dimensional computations of solution hydrodynamics during the growth of potassium dihydrogen phosphate I. Spin up and steady rotation,0.3333
ZHANG2021100947,RETRACTED: Creative thinking and musical collaboration: Promoting online learning groups for aspiring musicians,ZHOU2021100972,RETRACTED: The influence of choral practices and passive listening to music on creative thinking,1.0
